{"cameraMode":{"drawMode":0,"name":"Shaded","section":"Shading Mode"},"sceneLighting":true,"audioPlay":false,"sceneViewState":{"showFog":true,"showMaterialUpdate":false,"showSkybox":true,"showFlares":true,"showImageEffects":true,"showParticleSystems":true},"in2DMode":false,"pivot":{"x":-9.766674995422364,"y":-6.060239791870117,"z":12.09719467163086},"rotation":{"x":-0.15098409354686738,"y":0.8480430245399475,"z":-0.38055509328842165,"w":-0.3364587426185608},"size":69.36122131347656,"orthographic":false}