{"cameraMode":{"drawMode":0,"name":"Shaded","section":"Shading Mode"},"sceneLighting":true,"audioPlay":false,"sceneViewState":{"showFog":true,"showMaterialUpdate":true,"showSkybox":true,"showFlares":true,"showImageEffects":true,"showParticleSystems":true},"in2DMode":false,"pivot":{"x":-0.3816518485546112,"y":0.7585519552230835,"z":4.839820861816406},"rotation":{"x":-0.2423449158668518,"y":0.6963801980018616,"z":-0.27315735816955569,"w":-0.6178300976753235},"size":14.145963668823243,"orthographic":false}